{"loss": [1.9859683513641357, 1.4402899742126465, 1.157861590385437, 0.9737797975540161, 0.8179792761802673, 0.6965221762657166, 0.568731427192688, 0.49316492676734924, 0.4269072413444519, 0.3513408601284027, 0.30210447311401367, 0.26676836609840393, 0.22406567633152008, 0.20488394796848297, 0.17708759009838104, 0.160822793841362, 0.1341245472431183, 0.13636772334575653, 0.10797107964754105, 0.09642697870731354, 0.09434381127357483, 0.0875646322965622, 0.08264605700969696, 0.06712504476308823, 0.08765554428100586, 0.05364790931344032, 0.07887141406536102, 0.0555596649646759, 0.05681177228689194, 0.04969888553023338], "accuracy": [0.2626878023147583, 0.4904841482639313, 0.5999165177345276, 0.6672788262367249, 0.723038375377655, 0.7696160078048706, 0.8080968260765076, 0.8358097076416016, 0.8545075058937073, 0.8802170157432556, 0.8979132175445557, 0.910601019859314, 0.9225375652313232, 0.9328881502151489, 0.938480794429779, 0.9470784664154053, 0.9541736245155334, 0.9540066719055176, 0.9612687826156616, 0.9676961898803711, 0.9692821502685547, 0.9705342054367065, 0.971953272819519, 0.9782136678695679, 0.9717028141021729, 0.9832220077514648, 0.9727879762649536, 0.981218695640564, 0.9803839921951294, 0.9850584268569946], "val_loss": [1.7564283609390259, 1.1838234663009644, 1.2344993352890015, 0.8945540189743042, 0.7463680505752563, 0.6917683482170105, 0.6605930924415588, 0.5426185727119446, 0.521733283996582, 0.5357723236083984, 0.5324929356575012, 0.5517674684524536, 0.456977516412735, 0.40375104546546936, 0.4911303222179413, 0.47090694308280945, 0.5179233551025391, 0.4242284893989563, 0.4080248475074768, 0.3910662531852722, 0.36707496643066406, 0.42493078112602234, 0.4048723876476288, 0.34282100200653076, 0.3534131944179535, 0.3510623872280121, 0.4643678665161133, 0.4279590845108032, 0.3283194899559021, 0.4912223219871521], "val_accuracy": [0.3746243715286255, 0.5953255295753479, 0.5913188457489014, 0.698163628578186, 0.7452420592308044, 0.7686143517494202, 0.776961624622345, 0.8176961541175842, 0.8253756165504456, 0.8243739604949951, 0.8297162055969238, 0.8353922963142395, 0.8631051778793335, 0.8711185455322266, 0.8697829842567444, 0.8767946362495422, 0.8587645888328552, 0.8774624466896057, 0.8881469368934631, 0.8984975218772888, 0.9028380513191223, 0.8891485929489136, 0.8924874663352966, 0.917863130569458, 0.9121869802474976, 0.9195325374603271, 0.8878130316734314, 0.9021703004837036, 0.9105175137519836, 0.8908180594444275]}